cityName,imgSrc,attraction,lat,lng,description
北京五一十大热门旅游景点,https://image.maigoo.com/upload/images/20220830/09541812274_500x312.jpg,八达岭长城,116.024067,40.362639,八达岭长城是中国古代伟大的防御工程万里长城的重要组成部分，是万里长城千百座名关险隘中，历史最悠久、文化最丰富、建筑最宏伟、景色最壮观、名声最大、保存最完整的一段，也是明代长城中最精华的地段。八达岭长城为居庸关重要前哨，古称“居庸之险不在关而在八达岭”，山峦重叠，形势险要，气势极其磅礴的城墙南北盘旋延伸于群峦峻岭之中，不见尽头，其高超的建筑技艺和不朽的艺术价值，充分体现了中国古代劳动人民的智慧和力量。
北京五一十大热门旅游景点,https://image.maigoo.com/upload/images/20220907/14015236922_500x312.jpg,故宫博物院,116.403414,39.924091,北京故宫是中国明清两代的皇家宫殿，旧称紫禁城，与法国凡尔赛宫、英国白金汉宫、美国白宫、俄罗斯克里姆林宫并称世界五大宫殿。北京故宫博物院始建于1925年10月10日，是一座中国综合性博物馆，是中国最大的古代文化艺术博物馆，是第一批全国爱国主义教育示范基。北京故宫博物院收藏品包括但不限于明朝、清朝两代皇宫及其收藏，涵盖几乎整个古代中国文明发展史和几乎所有文物门类。
北京五一十大热门旅游景点,https://image.maigoo.com/upload/images/20220907/13503280093_500x312.jpg,颐和园风景区,116.278749,40.004869,颐和园前身为清漪园，始建于清乾隆十五年，坐落在北京西郊，与承德避暑山庄、拙政园、留园并称为中国四大名园。它是以昆明湖、万寿山为基址，以杭州西湖为蓝本，汲取江南园林的设计手法而建成的一座大型山水园林，也是保存较完整的一座皇家行宫御苑，被誉为“皇家园林博物馆”，也是国家重点旅游景点。北京颐和园浸透着中国人民的血汗，体现了中国人民的智慧和创造，展示出中国造园艺术的精华。
北京五一十大热门旅游景点,http://www.chnbg.cn/Uploads/Picture/2021/09/28/s6152db28a3328.jpg,国家植物园,116.216186,40.007561,国家植物园是在中国科学院植物研究所（南园）和北京市植物园（北园）现有条件的基础上，经过扩容增效有机整合而成，总规划面积近600公顷。国家植物园坚持国家代表性和社会公益的理念，充分发挥植物迁地保护和科学研究的核心功能。计划重点收集三北地区乡土植物、北温带代表性植物、全球不同地理分区的代表植物及珍稀濒危植物3万种以上，收藏五大洲代表性植物标本500万份，建成20个特色专类园、7个植物进化展示区和1个原生植物保育区。
北京五一十大热门旅游景点,https://r1.visitbeijing.com.cn/vbj-s/2012/1207/20121207040844490.jpg,北京西山国家森林公园,116.209193,39.978535,北京西山国家森林公园位于北京西郊小西山，地跨海淀、石景山、门头沟三区，总面积5970公顷，公园海拔300米至400米，属暖温带大陆性季风气候，林木多为夏绿阔叶林，森林覆盖率98.5%，主要景区有首都绿色文化碑林（百望山景区）和昌华景区。多年平均气温16.2℃，平均湿度80%，空气负氧离子最高达每立方厘米4000个。西山国家森林公园属太行山余脉，为石质山区，属低山区，阴坡较陡，阳坡较缓。
北京五一十大热门旅游景点,https://image.maigoo.com/upload/images/20220901/15184571423_500x312.jpg,北京香山公园,116.195044,39.996194,香山公园位于北京市区西北郊，占地188公顷，海拔557米，是一座具有山林特色的皇家园林。北京香山公园始建于金大定二十六年，于咸丰十年和光绪二十六年先后两次被英法联军、八国联军焚毁，1956年开辟为人民公园。香山公园文物古迹众多，亭台楼阁似星辰散布山林之间，有香山寺、洪光寺、双清别墅等著名旅游景点；公园内树木繁多，森林覆盖率高达96%，具有独特的“山川、名泉、古树、红叶”丰富的园林内涵，是避暑的胜地，天然的氧吧。
北京五一十大热门旅游景点,https://r1.visitbeijing.com.cn/vbj-s/2017/0322/20170322025139309.jpg,喇叭沟门国家森林公园,116.458088,40.942962,北京市喇叭沟门国家森林公园坐落于北京市怀柔区喇叭沟门满族乡，地处北京市最北端，距城区约160公里，公园面积11171.5公顷，其中林地面积9492.75公顷，原始次生林7万亩，森林覆盖率居北京市之首。喇叭沟门国家森林公园是2008年2月批准建立的国家级森林公园，公园处于暖温带和寒温带交接处，保存着北京地区面积最大的蒙古栎林、白桦林、山场林等天然林。区内具开发价值的自然景观120多处，是怀柔区三大生态景区之一。
北京五一十大热门旅游景点,https://image5.cnpp.cn/upload/images/20180105/13512234179_500x312.jpg,北京北海公园,116.39548,39.932909,北海公园位于北京市中心区，历经金、元、明、清数个朝代，承载着中国近千年的历史和文化，是中国现存历史上建园较早、保存较完整、文化沉积较深厚的古典皇家园林；其有着以皇家园林为代表的造园艺术风格，凝聚了历代园林文化艺术之大成的杰作。公园占地68.2万平方米，由琼华岛、东岸和北岸景区组成，其中琼华岛上树木苍郁，亭台楼阁幽静，白塔耸立山巅，成为公园的标志。
北京五一十大热门旅游景点,https://image5.cnpp.cn/upload/images/20191011/14230524449_500x312.jpg,景山公园,116.402818,39.93227,景山公园位于北京市西城区景山前街，坐落在明清北京城的中轴线上，西临北海，南与故宫神武门隔街相望，是明、清两代的御苑。公园中心的景山为堆土而成，曾是全城的制高点。景山公园1928年建园，全园总面积23公顷其中，花卉草坪占地1100平方米，拥有迷人的自然风光。北京景山公园内有绮望楼、五方亭、寿皇殿、永思殿、牡丹园等景点。
广州五一十大热门旅游景点,https://cdn.chimelong.com/assets/images/item1.3a1c45e.jpg,广州长隆,113.31824,23.01651,广州长隆旅游度假区是中国拥有主题公园数量多、规格高的综合性主题旅游度假区，集旅游景区、酒店餐饮、娱乐休闲于一体，是广州旅游颇具代表性的景点，也是国家文化部命名的“文化产业示范基地”。广州长隆总占地面积1万亩，采用了欧陆风格设计，由长隆欢乐世界、长隆国际大马戏、长隆野生动物世界、长隆水上乐园、长隆飞鸟乐园、广州长隆酒店、香江酒店等主题乐园与设施组成。
广州五一十大热门旅游景点,"https://bkimg.cdn.bcebos.com/pic/d009b3de9c82d158b22146bb800a19d8bc3e421c?x-bce-process=image/resize,m_lfit,w_220,limit_1",增城白水寨,113.771154,23.599255,白水寨风景名胜区位于增城区派潭镇，面积约170㎞²，北回归线穿越其中，被誉为北回归线上的瑰丽翡翠，属山岳型风景名胜区。景区内崇山峻岭，群峰挺拔，海拔在1000米以上的山峰就有9座，其中最高峰为海拔1088米的牛牯嶂，山体高大、山势险峻、线条挺直，集雄、奇、险、秀于一身。此外，白水寨风景名胜区还拥有原始森林、浅滩湿地、峡谷天池等广东罕见自然生态资源，其中最令人瞩目的当属落差高达428.5米的全国内地落差最大瀑布——白水仙瀑。
广州五一十大热门旅游景点,https://image.maigoo.com/upload/images/20221104/09001463181_500x312.jpg,广州白云山风景区,113.306527,23.191213,白云山为南粤名山，自古有“羊城第一秀”之称，由30多座山峰组成，是广东最高峰九连山的支脉，主峰摩星岭海拔382米。每当雨后天晴或暮春时节，山间白云缭绕，蔚为奇观，白云山之名由此得来。白云山风景区由麓湖游览区、三台岭游览区、鸣春谷游览区、摩星岭游览区等7个游览区组成，有“蒲涧濂泉”、“白云晚望”、“景泰僧归”等古代“羊城八景”，以及三个全国之最的景点。
广州五一十大热门旅游景点,"https://bkimg.cdn.bcebos.com/pic/e1fe9925bc315c60eb5ce68889b1cb1348547788?x-bce-process=image/resize,m_lfit,w_440,limit_1",广州市莲花山旅游区,113.509233,22.993169,广州市莲花山旅游区位于广东省广州市番禺区石楼镇，是广东省省级风景名胜区，也是国家级旅游区。莲花山有两个主要与花有关的节庆活动，那就是著名的莲花节和桃花节，莲花节于每年6～8月在观音圣境内举办。而每逢春节，莲花山观音圣境与莲花塔下桃花源里的千树桃花便迎春怒放，此时则正是莲花山上一年一度的桃花节。莲花山旅游区其他主要景点还有莲花石、燕子岩、八仙岩、莲花岩、观音岩、飞鹰岩、神仙桥、望海观音等。
广州五一十大热门旅游景点,https://image.maigoo.com/upload/images/20220901/11130456399_500x312.jpg,广州塔,113.331084,23.112223,广州塔又称广州新电视塔，昵称小蛮腰，位于广州城市新中轴线与珠江景观轴交汇处。广州塔建筑总高度600米，其中主塔体高450米，天线桅杆高150米，是中国第一高塔、国家级旅游景区、广州的地标性景点。广州塔是集都市观光、高空游乐、时尚餐饮、婚庆会展、影视娱乐、环保科普、文化教育、购物休闲等多功能于一体的旅游观光塔，是新中轴线上的亮丽景观。
广州五一十大热门旅游景点,https://tse2-mm.cn.bing.net/th/id/AUI11qBiWoCQMxQ480x360?&rs=1&pid=ImgDet,华南植物园,113.373781,23.18794,广州华南植物园集科学研究、物种保育、科普教育及旅游休闲等功能于一体，是普及植物学与环境科学知识、生态旅游的休闲园地，并被命名为“全国青少年科技教育基地”、“全国科普教育基地”以及“植物学与环境教育基地”。华南植物园占地4237亩，建有展览温室群景区、龙洞琪林景区、珍稀植物保育中心，以及木兰园、棕榈园、姜园等38个专类园区，是“广州市十佳旅游景点”之一。
广州五一十大热门旅游景点,"https://bkimg.cdn.bcebos.com/pic/37d12f2eb9389b50b4ddaaa38f35e5dde7116e25?x-bce-process=image/watermark,image_d2F0ZXIvYmFpa2U5Mg==,g_7,xp_5,yp_5/format,f_auto",芙蓉峡漂流,113.221764,23.506811,芙蓉峡漂流号称“广州第一漂”，位于度假区上游山谷，落差达100多米，气势磅礴。芙蓉度假区上游山谷聚泉成河，时隐时现于绿树青山中，漂流落差100多米。漂流分猛士漂、勇士漂和逍遥漂，勇士漂全长5公里，逍遥漂全长2公里。芙蓉峡谷呈“Y”字形，较为刺激的猛士漂从山的顶端开始，全长8000米。沿河两岸大面积的森林不仅提供了清洌甘美的山水，还产生大量的空气负离子，凉风袭来，令人身心俱爽。
广州五一十大热门旅游景点,"https://bkimg.cdn.bcebos.com/pic/f31fbe096b63f624c36499018d44ebf81a4ca3f3?x-bce-process=image/resize,m_lfit,w_536,limit_1/format,f_auto",广州百万葵园主题公园,113.626456,22.634439,广州百万葵园主题公园位于广东省广州市南沙区万顷沙镇，于2002年4月建成，是将向日葵作为观赏性植物并设计成超大型主题园林的公园，也是一家全部采用进口种子（以日本为主）的向日葵乐园。百万葵园占地面积26万平方米，种植一百万株向日葵，此外还建起了有1000多只松鼠居住的松鼠乐园，由汉白石精雕细琢而成的弧型环绕薰衣草花海以及蚂蚁王国、鲜花动漫港、白鸽广场和神秘玫瑰园等景点组成。
广州五一十大热门旅游景点,"https://bkimg.cdn.bcebos.com/pic/bd315c6034a85edfd57b8e5e49540923dc5475d3?x-bce-process=image/watermark,image_d2F0ZXIvYmFpa2U4MA==,g_7,xp_5,yp_5",广州市动物园,113.311903,23.147376,广州市动物园位兴建于1958年，是国内展览动物种类和数量较多的城市动物园之一，也是广州市动物科普和生态、环境保护教育的重要基地。广州动物园总占地面积约42公顷，园内按动物分类布局，可分为中心展区、飞禽大观、盘龙苑等三个游览区。中心展区以展出哺乳类为主，主要有狮山、虎山、猴山、河马池和熊猫馆等；飞禽大观有各种飞禽100多种，其陈列设计为庭园形式；盘龙苑展出的两栖、爬行类、鱼类动物近200种，还兼养海豹、鸳鸯等。
广州五一十大热门旅游景点,"https://img0.baidu.com/it/u=3861769737,3197562176&fm=253&fmt=auto&app=138&f=JPEG?w=750&h=500",广州市岭南印象园旅游景区,113.412991,23.043118,岭南印象园，位于广州大学城所在的小谷围岛，总占地面积16.5 公顷。景区四面环水，西临洛溪岛、北临生物岛、东临长洲岛、与会展中心所在的琶洲岛隔江相望。印象园是典型的岭南传统风格建筑群落，民居依水而建，或窄门高屋，或镬耳高墙。岭南印象园依托天然的地域优势和原练溪村深厚的岭南民风民俗文化，建立了一个融文化观光、趣味游乐、特色餐饮、休闲购物、精彩演艺于一体的大型休闲文化旅游景区。
成都五一十大热门旅游景点,"https://img2.baidu.com/it/u=3904134379,1647004338&fm=253&fmt=auto&app=138&f=JPEG?w=669&h=500",成都市花舞人间旅游景区,103.804054,30.395208,花舞人间景区，位于四川省成都市南郊新津区，距离成都市区仅30余公里，是一座以赏花为主题的的都市农业主题公园。景区占地3000余亩，已建成花果苗木试验基地100余亩，引进优良花果苗木品种300多个，拥有郁金香节、杜鹃花节、鲁冰花节、向日葵节、百合花节、野菊花节、花粉节、兰花红叶节等多个主题花节庆。花舞人间景区，是国家4A级景区，也是赏花、玩水，体验低碳休闲的度假旅游区。
成都五一十大热门旅游景点,"https://img2.baidu.com/it/u=1257492785,3335548660&fm=253&fmt=auto&app=138&f=JPEG?w=749&h=500",成都市彭州丹景山旅游景区,103.838689,31.086611,丹景山风景区，是国家级AAAA旅游景区，位于四川省彭州市丹景山镇，距成都西北50公里，海拔1147米，素有“丹岳岱宗”，“古唐胜迹”，“丹景第一”之称。景区为中国天彭牡丹的发源地，自唐代开始大规模种植牡丹，南宋时期，花特盛，与洛阳、菏泽齐名。丹景山风景区，以其灿烂的蜀文化、神幻迷离的宗教文化、绚丽多姿的牡丹文化而成为蜀中文化名山和著名的中国西部花山。
成都五一十大热门旅游景点,"https://img1.baidu.com/it/u=2254713483,4062434134&fm=253&fmt=auto&app=138&f=JPEG?w=667&h=500",西岭雪山,103.195197,30.690946,西岭雪山位于四川省成都市大邑县境内，总面积483平方公里，海拔从1260米—5364米不等，属世界自然遗产，是大熊猫栖息地、国家级风景名胜区、国家级森林公园。西岭雪山景区分为前山茶地坪景区和后山滑雪场景区两大部分，茶地坪景区以徒步登山、观光为主，主要为徒步观赏水景、瀑布、桂花、杜鹃、奇石、云海、森林佛光等自然景观；滑雪场景区以滑雪、滑草、运动以及观赏云海、日出、阴阳奇观等天象景观为主。
成都五一十大热门旅游景点,https://image5.cnpp.cn/upload/images/20190924/10391332182_500x312.jpg,四川青城山风景区,103.569195,30.911742,青城山是中国四大道教名山之一、中国道教发祥地之一，因其的秀丽的自然风光和众多道教建筑而成为天下名山，与剑门之险、峨眉之秀、夔门之雄合称为“蜀中四秀”，有“青城天下幽”之美誉。青城山风景区总面积200平方千米，最高峰老君阁海拔1260米；区内分青城前山和青城后山，前山景色优美，文物古迹众多；后山自然景物神秘绮丽、原始华美如世外桃源；其中天狮洞和圆明宫幽静是青城山的一大特色。
成都五一十大热门旅游景点,"https://img0.baidu.com/it/u=4266344796,3831030987&fm=253&fmt=auto&app=120&f=JPEG?w=891&h=500",黄龙溪古镇,103.976489,30.323445,黄龙溪古镇景区，是四川省历史文化古镇及省级旅游风景区，先后被评为中国民间艺术火龙之乡、中国环境优美乡镇、中国民间文化遗产旅游示范区。黄龙溪旅游区不仅风光秀丽、环境优美，还是驰名中外的天然影视摄影基地，素有“影视城”、“中国好莱坞”之称。。黄龙溪古镇主要特色是：古街、古树、古庙、古水陆码头、古建筑和古朴的民风民俗。
成都五一十大热门旅游景点,"https://img0.baidu.com/it/u=1147716248,205144375&fm=253&fmt=auto&app=138&f=JPEG?w=667&h=500",成都欢乐谷,104.041138,30.726702,成都欢乐谷是成都市文化产业重点项目和旅游产业重点项目，位于成都市金牛区西华大道16号，距天府广场6.6公里，至成都各个主要人流区只需10～20分钟。成都欢乐谷汇集了深圳欢乐谷、北京欢乐谷娱乐设施的精华，由阳光港、欢乐时光、加勒比旋风、巴蜀迷情、飞行岛、魔幻城堡、飞跃地中海、欢乐光年以及丝路传奇这九大主题区域组成。
成都五一十大热门旅游景点,"https://img0.baidu.com/it/u=2705742557,3965543940&fm=253&fmt=auto&app=138&f=JPEG?w=667&h=500",成都大熊猫繁育基地,104.150916,30.743319,
成都五一十大热门旅游景点,"https://img0.baidu.com/it/u=381127659,3648435219&fm=253&fmt=auto&app=138&f=JPEG?w=500&h=667",锦里,104.056257,30.651897,锦里，传说中离浪漫最近的地方，是成都知名的商业步行街，它以明末清初川西民居作外衣，以三国文化与成都民俗作内涵，被称为“成都版清明上河图”和“西蜀第一街”。锦里古街占地30000余平方米，建筑面积14000余平方米，街道全长550米；街内由一大片清末建筑风格的仿古建筑组成，蜿蜒曲折的院落、街巷与水岸、湖泊、荷塘、石桥相呼应，主题会所、主题餐饮、主题商店坐落其中，水波灯影，别有一番意境。
成都五一十大热门旅游景点,"https://img0.baidu.com/it/u=1776192600,2894403612&fm=253&fmt=auto&app=138&f=JPEG?w=750&h=500",洛带古镇,104.332467,30.643144,洛带古镇，位于四川省成都市龙泉驿区境内，总面积达20000余平方米。古镇主要包括洛带古镇核心保护区、金龙湖景区、宝胜原生态客家村三部分，呈现出“走进历史—回归自然—体验山水”的文化生态旅游格局。洛带古镇，是成都“东山五场”之一，也是四川省打造“两湖一山”旅游区的重点景区，先后荣获全国重点小城镇、成都市重点保护镇、成都文化旅游发展优先镇等荣誉称号。
成都五一十大热门旅游景点,"https://img0.baidu.com/it/u=383337324,2678351297&fm=253&fmt=auto&app=138&f=JPEG?w=500&h=748",都江堰虹口漂流,103.639359,31.099655,四川都江堰虹口漂流拥有“西部第一漂”、“中国漂流小镇”、“全球最佳漂流地”的美誉，在国内外拥有较高的知名度。其主线河道为白沙河，属岷江河上游一级支流，是成都居民饮用水一级战备储备资源库，水质达到国家地面水标准中一类水的要求，属四川、成都避暑的首选地。漂流设计全程自由漂河段10.2公里，每年开漂达到海事部门验收标准要求。
西安五一十大热门旅游景点,"https://img1.baidu.com/it/u=3875746473,639916943&fm=253&fmt=auto&app=138&f=JPEG?w=750&h=500",西安秦岭野生动物园,108.873825,34.053459,西安秦岭野生动物园，位于秦岭北麓浅山地带，是集野生动物移地保护、科普教育、旅游观光、休闲度假等功能于一体的综合性园林项目，也是全国野生动物保护科普教育基地、陕西省中小学生研学实践教育基地等。园区占地2600余亩，展养着秦岭四宝“大熊猫、羚牛、金丝猴、朱鹮”等秦岭珍稀动物以及来自世界各地极富代表性的野生动物200余种，6000余头（只），年接待游客超过180万人次。
西安五一十大热门旅游景点,"https://img1.baidu.com/it/u=3439565048,3318511871&fm=253&fmt=auto&app=138&f=JPEG?w=833&h=500",陕西朱雀国家森林公园,108.587859,33.789608,朱雀国家森林公园，位于陕西省西安市鄠邑区涝峪八里坪，是以自然山水、地质科普、森林风光、休闲娱乐为一体的生态风景旅游区。公园总面积为2621公顷，园内沟道开阔，森林茂密，山水神奇，天然森林密布，分为芦花河、秦岭梁、冰河翠、龙潭子、奇秀峰五大景区，主要有挂天飞瀑、静心湖、群龙朝圣、畅远台、冰晶顶、梦驼铃、醉仙峰、冰川遗迹、龙潭桥等景点。
西安五一十大热门旅游景点,"https://img1.baidu.com/it/u=2152391196,2308874358&fm=253&fmt=auto&app=138&f=JPEG?w=500&h=375",秦岭国家植物园景区,108.367676,34.066212,秦岭国家植物园是由陕西省人民政府、国家林业局、中国科学院、西安市人民政府联合共建的国家级特大型综合植物园。秦岭国家植物园位于陕西省西安市周至县境内，距市中心60千米，总面积639平方千米。地理区位为东经108°13′—108°29′、北纬33°43′—34°04′之间，属暖温带大陆性山地气候。年平均降水800—900毫米，年平均温度8℃—10℃。兼具物种保育、科学研究、公众教育、生态旅游四项功能。
西安五一十大热门旅游景点,"https://img2.baidu.com/it/u=1475811971,4165922023&fm=253&fmt=auto&app=120&f=JPEG?w=750&h=500",西安植物园,109.036301,34.215163,西安植物园，始建于1959年，位于陕西省西安市雁塔区南三环路，是中科院在中国西北地区重点建设的八大植物园之一。植物园占地面积20公顷，收集保存植物有3400余种，保存国家重点保护的珍稀濒危植物有70余种；园内按照“科学内涵、文化底蕴、优美景观、现代智慧”相融合贯通的定位和建园理念，建设了独具三秦特色的秦岭园、丝绸之路园、华山岩石园、遗忘园、系统园、蔷薇园、百卉园、水景园、儿童园、本草园等11个专类园。
西安五一十大热门旅游景点,https://image.maigoo.com/upload/images/20220811/14453841685_500x312.jpg,秦始皇兵马俑博物馆,109.288527,34.39202,秦始皇兵马俑博物馆位于陕西省西安市临潼区秦陵镇，成立于1975年，是以秦始皇兵马俑为基础，在兵马俑坑原址上建立的遗址类博物馆，是中国较大的古代军事博物馆。秦始皇兵马俑，是世界文化遗产，兵马俑的发现被誉为世界第八大奇迹、二十世纪考古史上的伟大发现。秦始皇兵马俑博物馆共有一、二、三号3个兵马俑坑，埋藏着大量陶俑、陶马、青铜兵器等。
西安五一十大热门旅游景点,"https://img0.baidu.com/it/u=2794860802,2447700873&fm=253&fmt=auto&app=120&f=JPEG?w=640&h=360",终南山翠华山景区,109.018087,33.979147,陕西翠华山，地处陕西省西安市南30公里处的秦岭北麓，景区总面积32平方公里，是终南山世界地质公园的一部分。公园以自然山崩景观闻名于世，有残峰断崖、崩塌石海和堰塞湖等山崩地貌。翠华山国家地质公园其山崩地貌类型之全、保存之完整典型，为国内罕见，堪称“山崩地质博物馆”，且园区内，环境幽、奇、险、奥，从而具有重要的旅游价值、科普功能和地质遗迹保护价值。
西安五一十大热门旅游景点,"https://img0.baidu.com/it/u=517973625,384518104&fm=253&fmt=auto&app=138&f=JPEG?w=770&h=500",西安世博园,109.067589,34.328862,西安世博园，位于西安市浐灞生态区广运潭，距西安市中心约10公里，是2011年西安世界园艺博览会会址。世博园以五岛为基本单元，园区划分为长安岛、创意岛、科技岛、华夏岛、国际岛五个板块，五个岛上又分别有长安园、创意园、五洲园、科技园和体验园。西安世博园，是国家AAAA级旅游景区，也是广大市民和游客生态享受、文化鉴赏、活动休憩的高品质休闲场所。
西安五一十大热门旅游景点,"https://img2.baidu.com/it/u=576504735,1755218917&fm=253&fmt=auto&app=138&f=JPEG?w=779&h=500",曲江海洋极地公园,108.98696,34.221386,西安曲江海洋极地公园位于西安市雁塔区曲江二路1号，以展示海洋世界景观、极地旖旎风光的为主，是集海洋极地文化体验、休闲娱乐、科普教育、广场文化等诸多功能于一体的海洋极地文化主题公园。西安曲江海洋极地公园总建筑面积10万余平方米，主要由海洋馆、极地馆及黄金海岸商业街、海韵广场等几部分构成，是国内建设规模较大的海洋极地主题公园，也是全国海洋科普教育基地。
西安五一十大热门旅游景点,"https://img2.baidu.com/it/u=3786056429,2116115379&fm=253&fmt=auto&app=138&f=JPEG?w=1000&h=500",兴庆宫公园,108.990011,34.260013,兴庆宫公园，位于陕西省西安市碑林区咸宁西路，是于1958年在唐兴庆宫遗址上修建起来的文化遗址公园。兴庆宫是唐玄宗朝代政治中心所在，也是和他的爱妃杨玉环长期居住的地方。公园占地面积780亩，其中湖面150亩，园内主要景点有兴庆湖、沉香亭、牡丹园、长庆轩、阿倍仲麻吕纪念碑、唐勤政务本楼遗址、南薰阁、兴庆宫游乐场等。
西安五一十大热门旅游景点,https://image5.cnpp.cn/upload/images/20181031/09114694733_500x312.jpg,西安城墙景区,108.959139,34.26019,西安城墙景区，国家级旅游景区，是以西安古城墙为主题，集护城河、环城林带、顺城路于一体的环城风景区，也是中国现存规模较大、保存完整的古代城垣建筑。西安城墙总规划面积约为4.53平方千米，包括了护城河、吊桥、闸楼、箭楼、正楼、角楼、敌楼、女儿墙、垛口等一系列军事设施，还有东西南北四面城门，东名“长乐”，西名“安定”，南名“永宁”，北名“安远”。
南京五一十大热门旅游景点,"https://img2.baidu.com/it/u=12094053,2671599633&fm=253&fmt=auto&app=138&f=JPEG?w=753&h=500",南京市玄武湖景区,118.803993,32.076375,南京玄武湖风景区，是紫金山脚下的国家级风景区，与杭州西湖、嘉兴南湖并称“江南三大名湖”，被誉为“金陵珠明”，是江南地区最大的城内公园，也是中国的皇家园林湖泊。玄武湖方圆近五里，分为环洲、樱洲、菱洲、梁洲、翠洲五洲，洲洲堤桥相通，浑然一体，处处有山有水。环湖有玄武晨曦、北湖艺坊、玄圃、玄武烟柳、武庙古闸、明城探幽、古阅武台等众多景点。
南京五一十大热门旅游景点,"https://img2.baidu.com/it/u=2141644081,1228271312&fm=253&fmt=auto&app=138&f=JPEG?w=927&h=500",南京银杏湖生态旅游区,118.720838,31.813994,银杏湖生态旅游度假休闲观光区位于南京市江宁区，以银杏湖为中心，依山傍水，是一个以山水景观、游乐休闲为主体的生态示范园区。银杏湖生态旅游区占地十五平方公里，分为游乐区、生态休闲区、商务区、高尔夫球场、酒店别墅区。银杏湖的东面是一个大型游乐场，建造了20多个国内一流的大型游乐设施；西面是生态休闲区，其将绿道、廊桥连为一体，打造了千年银杏林、天鹅湖、四季花园、双桥湖心岛、音乐喷泉等多处景观。
南京五一十大热门旅游景点,https://image.maigoo.com/upload/images/20230413/11032654455_500x312.jpg,夫子庙秦淮风光带,118.795956,32.026196,秦淮河全长五公里，史称“十里秦淮”，是南京的“母亲河”，是孕育金陵古老文化的摇篮，也是夫子庙-秦淮风光带精华所在。夫子庙-秦淮风光带是一座集自然风光、山水园林、庙宇学堂、街市民居、乡土人情为一体的旅游景区，蕴涵着南京城市发展两千多年的历史文化积淀。夫子庙-秦淮风光带景区以夫子庙古建筑群为中心，以十里内秦淮河为轴线，东起东水关公园，西至西水关公园（今水西门）。
南京五一十大热门旅游景点,"https://img2.baidu.com/it/u=263531776,641962640&fm=253&fmt=auto&app=138&f=JPEG?w=771&h=500",南京钟山风景区,118.859406,32.069291,钟山风景区是南京城市特色的集中体现和名胜古迹荟萃之地。景区以“龙蟠”之势，屹立于扬子江畔，历经千年而郁郁葱葱，囊六朝文化、明朝文化、民国文化、山水城林文化、生态休闲文化、佛教文化系列于一山之中，为“中华城中人文第一山”。钟山于山、水、城、林浑然一体，自然景观丰富优美，文化底蕴博大深厚，中山陵景区、明孝陵景区、灵谷景区等三大核心景区分布着各类名胜古迹200多处。
南京五一十大热门旅游景点,"https://img0.baidu.com/it/u=1832723846,3862250015&fm=253&fmt=auto&app=138&f=JPEG?w=667&h=500",栖霞山,118.976373,32.163867,栖霞山位于南京市东北郊，风景区总面积860公顷，主峰凤翔峰海拔286米，被誉为“金陵第一明秀山”，有“六朝胜迹”之称。栖霞山枫叶种类很多，每到深秋，山中漫山红遍，犹如晚霞栖落，蔚为壮观，是中国四大红叶观赏风景区之一。栖霞山古迹遍布，文化底蕴深厚，素有“一座栖霞山，半部金陵史”的美誉，景区内现有隋舍利塔、唐明征君碑、千佛窟等名胜古迹。
南京五一十大热门旅游景点,"https://img2.baidu.com/it/u=2843061145,3803468017&fm=253&fmt=auto&app=138&f=JPEG?w=750&h=500",南京高淳国际慢城,119.089795,31.397832,高淳国际慢城旅游度假区，位于南京市高淳区桠溪镇西北部，游子山国家森林公园东麓。度假区全长48公里，覆盖面积达80平方公里，其中核心区面积50平方公里，是一处整合了丘陵生态资源而形成的集观光休闲、娱乐度假、生态农业为一体的农业综合旅游观光景区。高淳国际慢城旅游度假区，先后荣获中国生态休闲胜地、中国村镇慢游地、全国农业旅游示范点、华东金花胜地、江苏省省级旅游度假区等荣誉称号。
南京五一十大热门旅游景点,"https://img2.baidu.com/it/u=88426220,684177778&fm=253&fmt=auto&app=138&f=JPEG?w=525&h=350",莫愁湖公园,118.767697,32.042376,莫愁湖公园，位于江苏省南京市建邺区水西门大街，是一座有着1500年悠久历史和丰富人文资源的江南古典名园。公园面积为58.36公顷，其中湖面面积约33.3公顷，绿地率达93.74%，园内楼、轩、亭、榭错列有致，堤岸垂柳，海棠相间，湖水荡漾，碧波照人，主要有和平广场、胜棋楼、华严庵、莫愁女故居、抱月楼、棋文馆、碑亭、粤军墓等景点。
南京五一十大热门旅游景点,"https://img0.baidu.com/it/u=3424042059,1860104638&fm=253&fmt=auto&app=138&f=JPEG?w=750&h=500",古林公园,118.759821,32.072491,古林公园位于南京市鼓楼区清凉山北面，占地面积26.7公顷，为纪念这座江南古刹古林寺，以古林寺寺名而命名。景区内，配以古朴典雅的亭、廊、轩、榭等仿古典园林建筑，景区内有牡丹芍药园、月季园、杜鹃坡、梅花岭、山茶坞、牡丹亭、天香阁、远香榭、晴云亭及四方八景阁等。古林公园内栽植的花品种很多，栽植牡丹、芍药、杜鹃、山茶、月季、梅花、樱花，主次相衬，各具特色。春天漫步其间，花香四溢。每年都会举办梅花节及梅花展活动。
南京五一十大热门旅游景点,"https://img0.baidu.com/it/u=1427680234,3363730684&fm=253&fmt=auto&app=138&f=JPEG?w=750&h=500",南京红山森林动物园,118.809396,32.098252,南京市红山森林动物园位于江苏省南京市鼓楼区和燕路，是国家AAAA级旅游景区。园区总面积68公顷，以独特的森林景观、丰富的动物资源、多彩的主题活动成为中国具有特色的动物园之一，每年吸引来自世界各地访客五百万余人次。红山森林动物园积极开展形式多样的公众教育项目，致力于培养公众对自然、对生命的同理心、爱心和感恩之情，提升大众保护野生动物及生态环境的意识和行动力，已成为展示江苏省、南京市生态文明的重要窗口。
重庆五一十大热门旅游景点,"https://img1.baidu.com/it/u=956411230,875551446&fm=253&fmt=auto&app=138&f=JPEG?w=667&h=500",金佛山,107.134485,29.055362,金佛山风景名胜区位于重庆市南川区，是重庆市四大名山之一，也是重庆市国家级重点风景名胜区。金佛山融山、水、石、林、泉、洞为一体，集雄、奇、幽、险、秀于一身，风景秀丽、气候宜人，并以其独特的自然风貌，品种繁多的珍稀动植物，雄险怪奇的岩体造型，神秘而幽深的洞宫地府，变幻莫测的气象景观和珍贵的文物古迹而享誉国内外。南川金佛山地质构造运动形成了溶丘洼地、落水洞、穿洞、石林、岩柱、瀑布、峡谷、悬谷、单面山等喀斯特地貌景观，并伴有冰雪、雾凇、云海、日...
重庆五一十大热门旅游景点,"https://img2.baidu.com/it/u=2600766772,561473338&fm=253&fmt=auto&app=138&f=JPEG?w=667&h=500",重庆黑山谷-龙鳞石海风景区,107.004774,28.893745,重庆黑山谷-龙鳞石海风景区由黑山谷景区和龙鳞石海景区组成。黑山谷景区集奇、险、峻、秀、幽于一体，是目前重庆地区规模大的、原始生态保护完好的自然生态风景区，被誉为重庆市独特的“生物基因库”、“西南神农架”以及“巴渝新十二景”。龙鳞石海（原名万盛石林）属典型的喀斯特地貌景观，享有“巴渝十二景”、“中国最古老的石林”等美誉，是中国的第二大石林；因石头多形似飞禽走兽，被地质学家称为天然石造的“动物乐园”。
重庆五一十大热门旅游景点,"https://img2.baidu.com/it/u=4264493546,1512082995&fm=253&fmt=auto&app=138&f=JPEG?w=500&h=676",重庆欢乐谷景区,106.523621,29.673637,重庆欢乐谷，位于重庆市两江新区礼嘉镇金渝大道，是根据重庆山城地貌量身打造的“山地版”欢乐谷。欢乐谷主题公园占地48万平方米，依山而建，园区分为欢乐时光、梦幻岛、飓风湾、恐龙森林、老重庆、河谷矿山小镇六大主题区，汇聚各国文化特色的花车巡游、精彩欢乐的圣诞元旦跨年季及奇幻灯光节等欢乐谷传统演艺，拥有丛林飞龙、飞翼过山车、重庆之眼、重返侏罗纪等百余项游乐项目。
重庆五一十大热门旅游景点,"https://img2.baidu.com/it/u=2650759852,3402569489&fm=253&fmt=auto&app=138&f=JPEG?w=667&h=500",重庆磁器口古镇,106.456217,29.587679,重庆磁器口古镇为千年古镇，始建于宋代，以出产瓷器而得名，是不可多得、古色古香的传统文化历史街区，是人文荟萃、风景优美、独有“一江两溪三山四街”地貌的旅游胜地，是重庆古城的缩影和象征，被赞誉为“小重庆”。磁器口古镇面积1.5平方公里，蕴含丰富的巴渝文化、宗教文化、沙磁文化、红岩文化和民间文化，各具特色；保存了较为完整的古建筑，开发有榨油、抽丝、制糖、捏面人、川戏等传统表演项目和各种传统小吃、茶馆等。
重庆五一十大热门旅游景点,https://image5.cnpp.cn/upload/images/20171117/11331566696_500x312.jpg,酉阳桃花源,108.758913,28.864319,酉阳桃花源景区位于渝、鄂、湘、黔四省市结合部的武陵山区腹地，集岩溶地质奇观、秦晋农耕文化、土家民俗文化、自然生态文化于一体，浓缩了中国武陵山区最美的原生态自然田园风光，传承着土家族、苗族悠久的人文历史与灿烂的民族文化。桃花源景区总面积50平方公里，由世外桃源、太古洞、酉州古城、桃花源森林公园、桃花源广场、桃花源风情小镇、二酉山世外桃源文化主题公园、桃源大舞台八部分组成，是现代人们远离尘世喧嚣、步入秦晋田园、探寻地质奇观、回归绿色天堂的理...
重庆五一十大热门旅游景点,"https://img2.baidu.com/it/u=493332497,2720547403&fm=253&fmt=auto&app=120&f=JPEG?w=1205&h=800",重庆园博园,106.559096,29.686633,重庆园博园，位于重庆市北部新区鸳鸯镇龙景湖区域，总占地面积3300亩，其中水体面积800亩，是第八届中国国际园林博览会的会址。园博园拥有4大功能区、5大特色建筑、127个城市展园、660余种共1200余万株植物。园区的主要建筑风格为古典风和传统风，按功能分区，园内共设有入口区、景园区、展园区和生态区四大部分。重庆园博园是一个集自然景观和人文景观为一体的超大型城市公园。
重庆五一十大热门旅游景点,"https://img1.baidu.com/it/u=460338873,4030519282&fm=253&fmt=auto&app=138&f=JPEG?w=666&h=500",重庆涪陵大木花谷·林下花园景区,107.674939,29.631211,大木花谷·林下花园景区，位于重庆市涪陵区大木乡双拥路，距涪陵城区约57km。景区总占地近万亩，移栽了200多个鲜花品种，拥有从世界各地引入的上千种高山珍奇花卉，营造出四季各异的林下花卉景观，从春至秋陆续有郁金香花、杜鹃花、绣球花、海棠花百合花等耐阴花卉开满山坡，漫步园内，四季花香，凉风拂面，松涛阵阵。
重庆五一十大热门旅游景点,"https://img2.baidu.com/it/u=1098438642,803319624&fm=253&fmt=auto&app=138&f=JPEG?w=580&h=326",重庆永川茶山竹海旅游景区,105.912496,29.372007,茶山竹海国家森林公园，位于永川区城北茶山竹海街道办事处辖区，是长江三峡—重庆市区—大足石刻国际黄金旅游线上的一颗璀璨明珠。公园总面积9979.00公顷，区内3万亩连片茶园成团成簇，如环似阵，层层叠叠，宛若茶坛；5万亩浩瀚竹海幽深迷离，浩渺苍茫，如烟似歌，荡人心旌，主要有朱德楼、田坝子古墓、天子殿、薄刀岭、陈子庄陈列馆、《十面埋伏》 外景拍摄地等景点。
重庆五一十大热门旅游景点,"https://img1.baidu.com/it/u=252843360,990858026&fm=253&fmt=auto&app=138&f=JPEG?w=748&h=500",重庆铁山坪森林公园,106.689189,29.612501,铁山坪森林公园，位于重庆市江北区东部，距市中心20公里。公园面积2万亩，有1.8万亩森林；园内森林茂密、空气清新、气候适宜，山峦重叠，群峰俊秀，绿树成荫，百余种植物争奇斗艳，野趣横生。铁山坪森林公园，是“中国森林氧吧”、国家AAAA旅游景区，是重庆近郊的主要天然公园之一，也是江北地域彩带上的一颗绿色宝石。
重庆五一十大热门旅游景点,"https://img1.baidu.com/it/u=2117087438,1028551055&fm=253&fmt=auto&app=120&f=JPEG?w=1013&h=500",仙女山国家森林公园,107.745381,29.503326,仙女山国家森林公园总面积8910公顷，平均海拔1900米，最高峰2033米，以其江南独具魅力的高山草原、南国罕见的林海雪原、青幽秀美的丛林碧野景观而誉为“东方瑞士”，她与神奇的芙蓉洞、秀美的芙蓉江、天生三桥群地质奇观组合为重庆旅游观光度假胜地。冬季的仙女山白雪皑皑，银妆纱裹，雾松、冰瀑令人情潮涌动；夏季茫茫林海，清风吹拂，凉爽宜人，仙女山平均气温比重庆主城区低15度，由此又享有“山城夏宫”之美誉。
武汉五一十大热门旅游景点,https://image.maigoo.com/upload/images/20230518/09292273233_500x312.jpg,武汉东湖风景区,114.420005,30.557869,东湖风景区以大型自然湖泊为核心，湖光山色为特色，拥有山、林、泽、园、岛、堤、田、湾八种自然风貌，是华中地区颇大的风景游览地，也是国家级旅游景区、全国文明风景旅游区示范点、首批国家重点风景名胜区。东湖风景区总面积为88平方公里，其中水域面积33平方公里，由听涛、磨山、落雁、吹笛、白马和珞洪6个片区组成，区内种植各种树木200多万株，布置亭、台、楼、阁和各种建筑设施70多处，一年四季花开不断，尤以春兰、夏荷、秋桂和冬梅最为著名。
武汉五一十大热门旅游景点,https://image5.cnpp.cn/upload/images/20181024/09181055278_500x312.jpg,黄陂木兰文化生态旅游区,114.356127,31.086054,黄陂木兰文化生态旅游区坐落于湖北省武汉市黄陂区，集食、住、行、游、购、娱于一体，是华中地区较大的城市生态旅游景区群，被誉为中部最美的生态文化休闲之都。木兰文化生态旅游区占地面积约18.6平方公里，由木兰山、木兰天池、木兰草原、木兰云雾山四大景区组成，可以满足看山、看森林、看草原和看花的需求。旅游区还完好的保存了7.5亿年前的地质构造，是中国地质大学的野外教学实验基地。
武汉五一十大热门旅游景点,"https://img0.baidu.com/it/u=3540445004,880337579&fm=253&fmt=auto&app=138&f=JPEG?w=750&h=500",武汉欢乐谷,114.399429,30.59723,武汉欢乐谷位于湖北省武汉市欢乐大道196号，是深圳华侨城集团继深圳、北京、成都、上海后打造的全国第五个欢乐谷主题旅游公园，是武汉市倾力打造的复合型、生态型和创新型的大型文化旅游胜地。武汉欢乐谷拥有双龙木质过山车、国内比较大的人工造浪沙滩、较大室内家庭数字娱乐中心、武汉较大的专业剧场等50多项游乐设施。
武汉五一十大热门旅游景点,"https://img2.baidu.com/it/u=41657330,4280731282&fm=253&fmt=auto&app=138&f=JPEG?w=749&h=500",中国科学院武汉植物园,114.537009,30.507161,中国科学院武汉植物园成立于1958年，位于湖北省武汉市武昌区，是集科学研究、物种保育和科普开放为一体的综合性科研机构，是我国三大核心科学植物园之一，同时也是国家级旅游景区。武汉植物园整个园区占地面积为70公顷，包含光谷、磨山、中-非联合研究中心-肯尼亚园区，新洲、江夏两个基地及多个野外观测台站。
武汉五一十大热门旅游景点,"https://img0.baidu.com/it/u=1758919306,488910140&fm=253&fmt=auto&app=138&f=JPEG?w=500&h=333",武汉青山公园,114.414101,30.644499,青山公园始建于60年代初，位于红钢城繁华街市旁，总面积35.7公顷（其中陆地面积32.6公顷、水面3.1公顷）．实有绿地面积29.3公顷，绿化率高达89.8%，居全市公园之首．被誉为十里钢城的“绿地明珠”。该公园植物繁多，风景秀丽。园内有锦绣园、四季园、樱花园、紫薇园、桃花园、三连亭、湖心亭、丹桂亭、卧云亭、桂花山、梅花山、雪松山、丽秋山等诸多园林景点，湖光山色优美，亭台楼阁别致。每年接待游客110多万人次。公园园艺技术力量雄厚，苗木、...
武汉五一十大热门旅游景点,"https://img0.baidu.com/it/u=2749934568,4118023697&fm=253&fmt=auto&app=138&f=JPEG?w=400&h=267",青山区张公山寨景区,114.511376,30.595961,张公山寨景区，位于湖北省武汉市青山区严西湖北岸，与东湖风景区隔坝相望，是集文化、生态、参与体验及乡村休闲游为一体的旅游景区。景区不仅山清水秀、景色宜人，湖面浩淼、湖水清澈，更有惊险、刺激的户外活动、拓展体验及水上乐园。山寨桃花是景区一大特色，区内桃花岛的桃花种类很多，有情，粉红、浅白、殷红等错落相间。
武汉五一十大热门旅游景点,"https://img1.baidu.com/it/u=3631817002,1273754643&fm=253&fmt=auto&app=138&f=JPEG?w=700&h=500",天寨沟漂流,114.228545,31.29477,"天寨沟漂流景区位于武汉市黄陂区的蔡店街道境内，距武汉市主城区仅85公里，车程1.5小时，被誉为""武汉漂流第一站""。天寨沟漂流河道全长3.8公里，落差136米。河道内森林覆盖，乘艇漂流穿行在林荫之中，河道中有大小十八龙潭，高低不一的冲滩有惊无险，十分刺激。整个河道林木参天，树木就长在河道中央，遮天蔽日，漂流其间，完全可以免受烈日的熏烤。"
武汉五一十大热门旅游景点,"https://img2.baidu.com/it/u=552999497,1645364216&fm=253&fmt=auto&app=138&f=JPEG?w=751&h=500",姚家山旅游风景区,114.200322,31.257579,姚家山旅游景区，位于武汉市黄陂区蔡店街姚山村，距武汉中心城区89公里，是抗日战争的红色堡垒。景区旅游资源丰富，生态环境优美，景观特色鲜明，既是抗战时期新五师司政机关所在地，又是青山环抱，绿水环绕的锦秀丽山乡，主要由溪谷景区、新五师旧址景区两大部份组成。姚家山旅游景区，素有“武汉抗战第一村、湿地旅游第一谷”之美誉。
武汉五一十大热门旅游景点,"https://img0.baidu.com/it/u=677944907,3776516750&fm=253&fmt=auto&app=138&f=JPEG?w=640&h=380",黄陂锦里土家风情谷旅游区,114.430238,31.018671,锦里沟旅游度假风景区，总面积约10平方公里，生态环境优美，人文特色鲜明，是武汉市的土家文化风情旅游区。锦里沟由环湖风情体验区、峡谷游览区和寨王文化展示区三个部分组成，游线全长12公里，这里十步一景、百步一绝，山清水秀、林木苍翠、奇石密布，是一条空气特别清新、古朴苍翠的原生态峡谷。黄陂锦里沟除了踏青赏花外还能体验到土家族、苗族民俗风情。
武汉五一十大热门旅游景点,"https://img1.baidu.com/it/u=667739542,3800310941&fm=253&fmt=auto&app=138&f=JPEG?w=889&h=500",武汉市海昌极地海洋世界,114.285069,30.67007,武汉海昌极地海洋世界坐落于东西湖区金银潭大道，是集极地与海洋概念于一身的大型主题公园。园内包含有极地王国、海洋王国、动物王国、海洋萌宠乐园和欢乐岛五大区域，以南北极动物表演、展示、互动、科普为主，涵盖旅游、休闲、亲子度假等多种娱乐方式。武汉海昌极地海洋公园共拥有上千种、万余只极地海洋动物、陆地小动物、两栖爬行动物和丛林飞鸟，海、陆、空动物全面覆盖。
长沙十大最受欢迎景点,https://image.maigoo.com/upload/images/20220831/17313965664_500x312.jpg,岳麓山·橘子洲旅游区,112.967154,28.189505,岳麓山·橘子洲旅游区包含岳麓山景区以及橘子洲景区两大部分，为世界罕见的集“山、水、洲、城”于一体的全国重点风景名胜区，同时也是湖湘文化传播基地和爱国主义教育的示范基地。岳麓山或称麓山景区，兹山荟萃湘楚文化精华，名胜古迹众多，植物资源丰富，革命烈士墓葬群集，桔洲横前，古城相望，山、江、洲、城浑然一体，实为天作之胜。橘子洲则是湘江下游众多冲积沙洲中面积最大的沙洲，被誉为“中国第一洲”，有毛泽东青年艺术雕塑、问天台等景点。
长沙十大最受欢迎景点,"https://img1.baidu.com/it/u=2700918070,628471005&fm=253&fmt=auto&app=138&f=JPEG?w=500&h=759",长沙世界之窗,113.061306,28.242997,长沙世界之窗占地40万平米，集陆乐园、水公园、儿童乐园三园为一体，是一个融世界各国建筑奇观、五洲风情歌舞表演、大型器械游乐、先锋时尚活动、影视拍摄基地于一体的综合性大型主题公园，也是华中地区较大的文化主题公园。景区内自然风光优美，满目青翠，欧洲、东方、西亚园艺风格的主题园林增添了公园的靓丽和妩媚，它再现了一个美妙的世界，体现出了自然与人文并重，历史、现实与幻想共存的精神。
长沙十大最受欢迎景点,"https://img2.baidu.com/it/u=2066784530,2306105836&fm=253&fmt=auto&app=138&f=JPEG?w=640&h=387",长沙天心阁,112.988249,28.190355,位于长沙市中心东南角天心公园内的天心阁，是长沙古城的一座城楼，也是长沙的古城标志，周边的城墙，是长沙仅存的一段古城墙遗址。天心阁始建于清乾隆十一年（1746年），由当时的抚军杨锡被主持兴建。如今游客看到的天心阁，是1983年重建的。天心阁整体建筑用四十六根红漆圆柱支撑，栗瓦粉墙，灰白色石基敦厚稳实，阁前、后的石栏杆上雕有62头石狮，阁体上挂着32只风马铜铃，迎风作响。在天心阁下的天心公园游玩时，还能看到一座牌楼——“崇烈门”。
长沙十大最受欢迎景点,"https://img2.baidu.com/it/u=180151770,472305918&fm=253&fmt=auto&app=138&f=JPEG?w=500&h=281",长沙湘江水利风景区,112.978724,28.215499,长沙湘江风光带位于长沙市湘江大道，建于1995年，集防洪、观光、旅游、休闲、健身等功能于一体。湘江风光带主要以休闲长廊和雕塑为主景，配以形式各异的小广场、景观小品、灯光亮化等配套设施，组合种植了多品种乔木和灌木，体现了江水两岸相互映衬的独特景色。长沙湘江风光带于2004年被评为国家水利风景区，湘江风光带水利风景区是集防洪、旅游、休闲于一体的公益性风景区，有长沙“外滩”之称。
长沙十大最受欢迎景点,"https://img0.baidu.com/it/u=2388631586,3289603466&fm=253&fmt=auto&app=120&f=JPEG?w=1202&h=800",长沙市花明楼景区,112.643027,28.046706,花明楼位于湖南省会长沙宁乡县境东南，是全国重点文物保护单位，全国爱国主义教育基地。长沙花明楼景区是一处低山环绕的地方，这里不仅有秀美的自然风光，还是刘少奇同志的故居，景区共占地690多亩，包括刘少奇故居、刘少奇纪念馆、刘少奇同志铜像广场、花明楼城楼、文物馆、柳叶湖和修养亭等，现已经成为湖南省较为重要的革命纪念地和旅游观光区之一。
长沙十大最受欢迎景点,"https://img2.baidu.com/it/u=3769148680,2602585097&fm=253&fmt=auto&app=138&f=JPEG?w=500&h=332",长沙生态动物园,113.010648,28.039034,长沙生态动物园，位于长沙县暮云镇，地处长沙、株洲、湘潭三市融城的中心地带，前身是位于烈士公园畔的长沙动物园。动物园大门的选址位于入口的两个小山包之间，与自然环境浑然一体，“门自天成”。动物园共分为步行圈养区、车行放养区、科普教育区、生态景观区、休闲娱乐区、后勤服务区、动物笼舍区和驯化场37个，饲养动物300余种类，这里是孩子了解神奇大自然的“生动教科书”。
长沙十大最受欢迎景点,"https://img1.baidu.com/it/u=2991256789,1151645204&fm=253&fmt=auto&app=138&f=JPEG?w=667&h=500",湖南省森林植物园,113.038455,28.109594,湖南省植物园，原名湖南省森林植物园，位于湖南省长沙市雨花区，成立于1985年，是一个集科研生产、科普教育、生态旅游、运动休闲于一体，突出动植物特色的综合性植物园。湖南省植物园占地面积1789.8亩，森林覆盖率达90%，园内迁地保育植物5100余种，建有樱花园、木兰园、荫生植物珍稀植物园、杜鹃园、竹园等15个植物专类园。
长沙十大最受欢迎景点,"https://img2.baidu.com/it/u=3689656196,3720750147&fm=253&fmt=auto&app=138&f=JPEG?w=600&h=400",沩山风景名胜区,111.976791,28.183268,沩山风景名胜区位于宁乡西部，地处宁乡、桃江、安化三县交界处，包括沩山、黄材、巷子口、沙田、黄材水库等乡镇和单位，景区规划面积190平方公里，区内有人口15.8万人。沩山风景名胜区距宁乡县城40公里，距长沙市58公里，是一个集礼佛、度假、休闲、探险于一体的综合性旅游景区，分沩山佛教文化区、青羊湖水上游乐区、黄材青铜文化区、千佛溶洞观光区等四大景区。
长沙十大最受欢迎景点,"https://img0.baidu.com/it/u=3762535675,1387096038&fm=253&fmt=auto&app=138&f=JPEG?w=869&h=500",长沙坡子街,112.975851,28.196639,长沙坡子街有1200多年悠久历史，是一条千年老街，新建的坡子街于2005年正式开街，东起黄兴南路，西至湘江大道，全长640米。现在成为长沙一条传承湖湘文化，引领时代潮流的标志性商业文化街。坡子街是一条在国内外具有影响力和知名度的民俗名食街，与上海的城隍庙、南京的夫子庙、苏州的观前街一起被誉为中国四大小吃名街，聚集了火宫殿、新华楼、四喜馄饨、文记四合一等长沙老店。
长沙十大最受欢迎景点,"https://img0.baidu.com/it/u=2010312880,1561248816&fm=253&fmt=auto&app=138&f=JPEG?w=1250&h=500",长沙海底世界,113.062521,28.238385,长沙海底世界坐落于湖南省长沙市浏阳河畔金鹰影视文化城内，由极地海洋馆、科教馆、水上乐园、儿童乐园等7大功能区组成，集观赏、休闲、娱乐、科普于一体。在长沙海底世界，明丽优雅的公园情调，绚丽多姿的海洋生物，惊险刺激的水上乐园，气象万千的生命故事，博大深邃的海洋文化，让人惊喜交加，流连忘返。景区内的海洋馆，拥有中南地区最长的海底隧道，而在极地馆内，则有幽默滑稽的海象、海狮、海豹等极地动物。
上海五一十大热门旅游景点,https://image5.cnpp.cn/upload/images/20171115/11312438119_500x312.jpg,上海迪士尼乐园,121.671964,31.148267,上海迪士尼乐园位于上海市浦东新区川沙镇黄赵路，是一座具有纯正迪士尼风格并融汇了中国风的主题乐园。迪士尼乐园占地1.16平方公里，园内分为米奇大街、奇想花园、梦幻世界、探险岛、宝藏湾和明日世界六大园区，拥有幻想曲旋转木马、七个小矮人矿山车、爱丽丝梦游仙境迷宫、奇幻童话城堡、古迹探索营、雷鸣山漂流、创极速光轮等娱乐项目。
上海五一十大热门旅游景点,https://image5.cnpp.cn/upload/images/20180705/15171045911_500x312.jpg,上海野生动物园,121.728426,31.059867,上海野生动物园，位于上海浦东新区南六公路178号，是由上海市人民政府和中国国家林业局合作建设的中国首座国家级野生动物园，是野生动物们的温馨家园，是大都市里的天然氧吧。动物园居住着来自国内外的珍稀野生动物200余种，上万余头（只），园区分为步行区、车入区及“水域探秘”三大部分，与可爱动物邂逅，让您在野趣、乐趣、闲趣中赴一场人与动物的美妙之约。
上海五一十大热门旅游景点,"https://img1.baidu.com/it/u=779954590,2859871697&fm=253&fmt=auto&app=138&f=JPEG?w=709&h=500",上海辰山植物园,121.189029,31.081656,上海辰山植物园，位于上海市松江区辰花公路3888号，于2011年1月23日对外开放。园区分中心展示区、植物保育区、五大洲植物区和外围缓冲区等四大功能区，占地面积达207万平方米，为华东地区规模最大的植物园，同时也是上海市第二座植物园。辰山植物园是由上海市政府与中国科学院以及国家林业局、中国林业科学研究院合作共建，是一座集科研、科普和观赏游览于一体的AAAA级综合性植物园。
上海五一十大热门旅游景点,"https://img0.baidu.com/it/u=1787630989,1587809678&fm=253&fmt=auto&app=138&f=JPEG?w=500&h=375",上海植物园,121.450949,31.153874,上海植物园成立于1978年，位于上海市徐汇区，是一个以植物引种驯化、植物学研究、科学传播、园艺展示为主的综合性城市植物园。植物园占地面积81.86公顷，建有植物进化区、环保植物区和绿化示范区，其中植物进化区包括松柏园、蕨类园、木兰园、牡丹园、杜鹃园、蔷薇园、槭树园、桂花园和竹园、盆景园、草药园、展览温室、兰室等15个专类园区。
上海五一十大热门旅游景点,"https://img1.baidu.com/it/u=115620829,4026128003&fm=253&fmt=auto&app=120&f=JPEG?w=500&h=750",上海东平国家森林公园,121.487563,31.68975,上海东平国家森林公园坐落于上海崇明岛中北部，总面积3.55平方公里，森林覆盖率达90%，是华东地区较大的平原人造森林，集森林观光、会议旅游、康复疗养、休闲度假等多功能为一体。东平国家森林公园森林繁茂、湖水澄碧、百鸟鸣唱、野趣浓郁，不仅开辟有桂花园、梅花园、樱花园、枫园等多处园中园，还有彩弹射击、原野乐园、滑索、滑草、骑马场、卡丁车等游玩项目。
上海五一十大热门旅游景点,"https://img2.baidu.com/it/u=3465090000,1998081283&fm=253&fmt=auto&app=138&f=JPEG?w=500&h=667",上海方塔园,121.25301,31.010149,方塔园，建于1978年，位于上海市松江区。全园占地面积182亩，园址原是唐宋时期古华亭的闹市中心，东有爱民街、西有三公街，既是古代文人的会聚地，又是松江遗址的缩影。方塔以“秀美”誉冠东南，艺术性极强，特点是塔身瘦长，塔檐宽大，形体犹似一位身着长裙，亭亭玉立的少女。方塔园，是松江古城中一座以观赏历史文物为主体的园林，也是国家级AAAA旅游景区。
上海五一十大热门旅游景点,"https://img0.baidu.com/it/u=740688051,1264511343&fm=253&fmt=auto&app=138&f=JPEG?w=750&h=500",上海醉白池公园,121.237516,31.00776,醉白池公园，始建于1644年，位于上海市松江区人民南路64号，是上海五大古典园林之一。公园占地5公顷，园内古木葱茏，亭台密布，古迹甚多，其曲栏横槛、回廊曲径，古色古香；主要景点有砖雕照壁、棕树林荫道、五色泉、来云亭、园内小径、华亭鹤、石桥、石拱桥、十鹿九回头、盆景园、宝成楼、四面厅、乐天轩、池上草堂、雪海堂、雕花厅等。
上海五一十大热门旅游景点,"https://img1.baidu.com/it/u=1364655984,232693198&fm=253&fmt=auto&app=138&f=JPEG?w=750&h=500",上海滨江森林公园,121.536253,31.385829,滨江森林公园，位于上海市浦东新区高桥镇凌桥高沙滩3号，是上海森林覆盖率较高的郊野森林公园。公园规划面积达300公顷，现已开放的一期面积为120公顷，园内建设了湿地植物观赏园、生态林保护区、滨江岸线观景区、蔷薇园、木兰园、杜鹃园、果园区等景点；还有游览观光车、电动游船、水上步行球、休闲自行车、碰碰车、海盗船等游乐项目。
上海五一十大热门旅游景点,"https://img1.baidu.com/it/u=1717820959,3028264097&fm=253&fmt=auto&app=138&f=JPEG?w=887&h=500",上海世纪公园,121.558979,31.222046,上海世纪公园原名浦东中央公园，是浦东地区较大型的公园，占地140.3公顷，地处浦东花木行政区东南侧。世纪公园是上海内环线中心区域内较大的富有自然特征的生态城市公园，体现了东西方文化的融合、人与自然的融合，以大面积的草坪、森林、湖泊为主体，园内乔灌相拥、四季花开，是大都市中的一片绿洲，具有现代特色的中国园林风格。世纪花钟是世纪公园标志性景点，还有镜天湖、露天音乐广场、音乐喷泉等景点。
上海五一十大热门旅游景点,"https://img1.baidu.com/it/u=1248799250,717637804&fm=253&fmt=auto&app=138&f=JPEG?w=334&h=500",新浜牡丹园,121.059168,30.956398,上海新浜牡丹园占地近300亩，是上海市较大、品种较多的牡丹园，园内4万多株牡丹中有16株百年以上牡丹，现已种植牡丹、芍药200余亩，品种300多个，有红、黄、粉、黑等九大色系。新浜牡丹园的牡丹名贵品种有金阁、花王、金晃、海黄、冠世墨玉、粉中冠、赵粉、豆绿等等，芍药品种有黑紫绫、杨妃出浴、朝阳红、紫红魁等。古语有“牡丹不过江南”，但那是过去式，如今在上海，这颗江南明珠上一个硕大的“牡丹园”已是繁花似锦。园内种植的牡丹是来自山东菏泽的，除了品种繁多的牡丹，园内还有各种芍药。新浜牡丹园内牡丹芍药于每年的4-5月间次第开放，大有艳压群芳之势。
杭州十大最受欢迎景点 杭州热门景点排行榜 杭州哪些景点人气最高,https://image.maigoo.com/upload/images/20220810/13510932614_500x312.jpg,西湖,120.12792,30.228932,杭州西湖因秀丽的湖光山色和众多的名胜古迹闻名中外，是中国著名的旅游胜地，也被誉为人间天堂。景区内群山高度都不超过400米，环布在西湖的南、西、北三面，其中的吴山和宝石山象两只手臂，一南一北，伸向市区，构成优美的杭城空间轮廓线。景区总面积达49平方公里，其中湖面6.5平方公里，以湖为主体，旧称武林水、钱塘湖、西子湖，宋代始称西湖；西湖景点有“西湖十景”、“新西湖十景”、“三评西湖十景”之说。
杭州十大最受欢迎景点 杭州热门景点排行榜 杭州哪些景点人气最高,"https://img1.baidu.com/it/u=2305053931,927142120&fm=253&fmt=auto&app=138&f=JPEG?w=667&h=500",杭州灵隐寺,120.107833,30.246914,灵隐寺，又名云林寺，位于浙江省杭州市，背靠北高峰，面朝飞来峰，始建于东晋咸和元年（326年），占地面积约87000平方米。灵隐寺开山祖师为西印度僧人慧理和尚，南朝梁武帝赐田并扩建。灵隐寺主要以天王殿、大雄宝殿、药师殿、法堂、华严殿为中轴线，两边附以五百罗汉堂、济公殿、华严阁、大悲楼、方丈楼等建筑构成，现任方丈是光泉法师。
杭州十大最受欢迎景点 杭州热门景点排行榜 杭州哪些景点人气最高,https://image.maigoo.com/upload/images/20220810/11375919351_500x312.jpg,千岛湖风景名胜区,119.060105,29.552987,千岛湖，占地面积982平方公里，地处长江三角洲的腹地，以1078个岛屿入选中国世界纪录协会，创造了世界之最，是“杭州-千岛湖-黄山”这条名城、名湖、名山黄金旅游线上的一颗璀璨明珠。景区群集处形成众岛似连非连，湖面被分隔得宽窄不同、曲折多变、方向难辨，形成湖上迷宫的特色景观，更有百湖岛、百岛湖、珍珠岛等千姿百态的群岛、列岛。
杭州十大最受欢迎景点 杭州热门景点排行榜 杭州哪些景点人气最高,"https://img0.baidu.com/it/u=3920799879,2902629735&fm=253&fmt=auto&app=138&f=JPEG?w=750&h=500",杭州市临平博物馆,120.312773,30.420455,中国江南水乡文化博物馆（杭州市余杭博物馆），位于余杭区临平南苑街道人民广场北侧。它是一座既反映余杭历史，又以闻名于世的良渚文化为切入点展示中国江南水乡文化和民俗风情的博物馆，是人们了解良渚文化、余杭历史，解读余杭和整个江南水乡文化现象及其成因的重要窗口。博物馆总投资6000万人民币，建设总面积8000余平方米。博物馆内设7个展厅，4个单元展览。第一单元余杭历史文化陈列，通过各种图表、器物、人物塑像、场景等手段，有重点地反映自7000多年...
杭州十大最受欢迎景点 杭州热门景点排行榜 杭州哪些景点人气最高,"https://img0.baidu.com/it/u=2211528309,4153383928&fm=253&fmt=auto&app=138&f=JPEG?w=600&h=399",杭州西湖灵山景区,120.042864,30.120953,杭州灵山景区位于西湖区南面，距离西湖景区约12公里。占地12.17平方公里，景区集“高、大、奇、险”于一洞，融“风、水、气、瀑”为一体，成为国内开放的喀斯特溶洞之冠。灵山洞，又称“灵山幻境”，古称“云泉灵洞”。唐宋诗人范仲淹、苏东坡、朱熹等人常来此地游游览，并留下大量遗迹。白居易游洞后写下“未入云泉路，先闻接客钟”的诗句。洞内还有世界第二、亚洲第一高的巨型石笋“天柱峰”，高达24.5米。
杭州十大最受欢迎景点 杭州热门景点排行榜 杭州哪些景点人气最高,"https://img1.baidu.com/it/u=3014502271,261695835&fm=253&fmt=auto&app=138&f=JPEG?w=500&h=667",杭州雷峰塔景区,120.155358,30.236839,雷峰塔又名皇妃塔、西关砖塔，位于浙江省杭州市西湖风景区岸夕照山的雷峰上。雷峰塔是吴越忠懿王钱弘俶为庆祝宠妃黄氏得子而建，所以命名为“皇妃塔”；后来，因其所在的山峰叫“雷峰”，而逐渐被人们称为“雷峰塔”。旧雷峰塔于1924年倒塌，后重建，新建的雷峰塔为中国首座彩色铜雕宝塔，雷峰夕照为西湖十景之一，也是杭州市西湖著名旅游景点之一。
杭州十大最受欢迎景点 杭州热门景点排行榜 杭州哪些景点人气最高,"https://img0.baidu.com/it/u=23484940,413819855&fm=253&fmt=auto&app=138&f=JPEG?w=600&h=400",杭州野生动物世界,119.99203,30.160607,杭州野生动物世界位于浙江省杭州市区西南郊的富阳银湖开发区，是集动物保护、动物繁殖、濒危动物救护与保护、文化科普教育、动物科学研究及野生动物资源利用与开发为一体的观光游览、休闲娱乐的综合性生态公园 ，是浙江省颇具影响力的景区之一。杭州野生动物世界被列入“国家教育部濒危野生动物保护与繁育重点实验室、科学研究基地”、“浙江省濒危野生动物救护中心”、“浙江省青少年科普教育基地”。
杭州十大最受欢迎景点 杭州热门景点排行榜 杭州哪些景点人气最高,"https://img2.baidu.com/it/u=3979623639,3400843157&fm=253&fmt=auto&app=138&f=JPEG?w=750&h=500",宋城,120.105381,30.175794,宋城位于杭州之江旅游度假区内，占地约300余亩，是杭州一个大型人造主题公园。宋城以“建筑为形，文化为魂”为经营理念，仿宋代风格建造，主体建筑依据北宋画家张择端的长卷《清明上河图》而建，并按照宋书《营造法式》建造，还原了宋代都市风貌，是杭州一个反映两宋文化内涵的主题公园。大型歌舞《宋城千古情》是宋城的灵魂，与拉斯维加斯的“O”秀、巴黎红磨坊并称“世界三大名秀”。
杭州十大最受欢迎景点 杭州热门景点排行榜 杭州哪些景点人气最高,"https://img1.baidu.com/it/u=1652471680,4187248904&fm=253&fmt=auto&app=138&f=JPEG?w=750&h=500",临安天目山,119.436458,30.353794,"临安天目山素有“大树华盖闻九州”之誉，地处浙江省杭州市西北部临安区境内，浙皖两省交界处，距杭州84公里，在杭州至黄山黄金旅游线中段。天目山主峰仙人顶海拔1506米，古名浮玉山，“天目”之名始于汉，有东西两峰，顶上各有一池，长年不枯故名，是韦陀菩萨的道场。天目山峰峦叠翠，古木葱茏，有奇岩怪石之险，有流泉飞瀑之胜，素负""大树王国""""清凉世界""盛名，为古今揽胜颐神胜地。"
杭州十大最受欢迎景点 杭州热门景点排行榜 杭州哪些景点人气最高,"https://img1.baidu.com/it/u=296542188,2569623083&fm=253&fmt=auto&app=138&f=JPEG?w=667&h=500",西溪湿地,120.071528,30.27289,杭州西溪国家湿地公园位于浙江省杭州市西湖区和余杭区西北部，与西湖、西泠并称杭州“三西”，是一个集城市湿地、农耕湿地、文化湿地于一体的国家湿地公园，被称为“杭州之肾”。西溪国家湿地公园总面积约为11.5平方公里，分为东部湿地生态保护培育区、中部湿地生态旅游休闲区和西部湿地生态景观封育区；公园内生态资源丰富、自然景观幽雅、文化积淀深厚，主要包括生态保护区、生态恢复区、历史遗存保护区和服务设施区。
